rank,candidate_id
1,CH-PIQWDL
2,CH-TDESBE
3,CH-RXVJSE
4,CH-58907A
5,CH-OIHLML
6,CH-JE4G04
7,CH-A6HJWF
8,CH-0JDXZF
9,CH-T9VE72
10,CH-QAYHZV
11,CH-MPI5T7
12,CH-MJLRQ9
13,CH-51OVXE
14,CH-8HGFIB
15,CH-ZHDFRW
16,CH-6HCGM5
17,CH-H4DLOV
18,CH-8OI1HC
19,CH-U9Y0PU
20,CH-4I71DB
21,CH-K3VX92
22,CH-MYX94C
23,CH-LVJYZC
24,CH-13NCBR
25,CH-HHHBLP
26,CH-JHWGHS
27,CH-28C8SD
28,CH-ALDR01
29,CH-WDUSPF
30,CH-65C8G1
31,CH-9TIGDG
32,CH-4N9JC9
33,CH-3UPMW9
34,CH-D1WI6E
35,CH-O29P9L
36,CH-ID0LLW
37,CH-IUQ6PE
38,CH-A86J07
39,CH-83QNLM
40,CH-D5QEZ1
41,CH-5KDYV4
42,CH-85U38K
43,CH-97P5ZA
44,CH-LUTD4G
45,CH-Y9LLEY
46,CH-F5UJOK
47,CH-TADMF9
48,CH-ALZASI
49,CH-0W1USG
50,CH-U5LROA
51,CH-20BYU9
52,CH-0WXEGX
53,CH-OCO9HH
54,CH-27ID25
55,CH-0JMPLR
56,CH-FQOJOB
57,CH-IFVM1N
58,CH-JHG452
59,CH-DWNIHP
60,CH-3G39BS
61,CH-N78HC4
62,CH-QKADEK
63,CH-92LAYY
64,CH-GVGJ9A
65,CH-M3UKC1
66,CH-WVMH5U
67,CH-OY5QBH
68,CH-TVGD1P
69,CH-J86TFI
70,CH-2JQ5SH
71,CH-QAMJ7N
72,CH-H2DFR3
73,CH-EURNXT
74,CH-4SIVNC
75,CH-FTUA2G
76,CH-MFXPJI
77,CH-1ANI8N
78,CH-EM6AJM
79,CH-G0WMIE
80,CH-9FTBE3
81,CH-1704EC
82,CH-MP01OM
83,CH-25KU8K
84,CH-VGAU08
85,CH-IG0Q7T
86,CH-H5KZT4
87,CH-0DWDF3
88,CH-H99ZKB
89,CH-7TPPT8
90,CH-K3HV6O
91,CH-OY9QWV
92,CH-JUGZIP
93,CH-M27DXJ
94,CH-M3GVM0
95,CH-AWUX54
96,CH-L82QYP
97,CH-9W4IC1
98,CH-IYO7RG
99,CH-WJZNVV
100,CH-KB0CZU
101,CH-4J4J1H
102,CH-OVUUJ6
103,CH-PCJAJH
104,CH-MBT11N
105,CH-GAELOQ
106,CH-9AOTB0
107,CH-LWUN88
108,CH-4MA530
109,CH-V8GJM4
110,CH-YQ9XPX
111,CH-Z32AU5
112,CH-YEQLBC
113,CH-GEGIZJ
114,CH-1RLB0H
115,CH-K58S6B
116,CH-0BJQ7V
117,CH-2PWT88
118,CH-7PWSD1
119,CH-CDQHBC
120,CH-JT3GI9
121,CH-VR40EH
122,CH-AZ8A4N
123,CH-ZA4YC6
124,CH-HRIRFK
125,CH-3NO57O
126,CH-1GUV4Z
127,CH-88R81U
128,CH-PZTSOB
129,CH-9NVS95
130,CH-ANEG2Y
131,CH-W315G0
132,CH-IJIGO4
133,CH-LH3I14
134,CH-FFAIB8
135,CH-5NOX67
136,CH-87A0UC
137,CH-NM5FI9
138,CH-RLSSB0
139,CH-QNQAR0
140,CH-1ZYNGH
141,CH-YCDW4X
142,CH-4ECLWR
143,CH-BNVRBB
144,CH-QWICW4
145,CH-48Q66H
146,CH-C1QN1W
147,CH-2NT2T4
148,CH-86B4JV
149,CH-LIKZXS
150,CH-MK94LD
151,CH-X40SAT
152,CH-8YADED
153,CH-9NC5K4
154,CH-U73R8O
155,CH-M2JT9I
156,CH-VVTSRZ
157,CH-QPIYUA
158,CH-1RLRCH
159,CH-AHJ6AZ
160,CH-21426O
161,CH-HFO501
162,CH-PEH5UJ
163,CH-XP4PM7
164,CH-ACS6OT
165,CH-KSM6J1
166,CH-XTJ3WB
167,CH-F8JDAQ
168,CH-9K96Q9
169,CH-SBI1Z5
170,CH-BBWWHO
171,CH-PFVPOI
172,CH-U4IGOP
173,CH-MLXUHT
174,CH-CWDRXV
175,CH-07EKQC
176,CH-MSJ36K
177,CH-17WCTV
178,CH-K9X4PR
179,CH-ERMOD6
180,CH-FTDL6E
181,CH-OMQUUQ
182,CH-UJ8OLF
183,CH-P93H0N
184,CH-F0TLD9
185,CH-P7B961
186,CH-ZCHZZ6
187,CH-3LKVCR
188,CH-GEKXOS
189,CH-2P86G7
190,CH-V64DW2
191,CH-H4742B
192,CH-GDYJBW
193,CH-4FTAU1
194,CH-RGIKLJ
195,CH-V1W2LP
196,CH-MON242
197,CH-CWJ24W
198,CH-Z2J7MP
199,CH-L7M6MJ
200,CH-SUQBAH
201,CH-YUJLGL
202,CH-QT6VMC
203,CH-J56782
204,CH-B7QH31
205,CH-W12LYG
206,CH-YNFE2T
207,CH-B9LKVN
208,CH-VZTFLC
209,CH-TV5VDN
210,CH-B7PBM2
211,CH-C8OF5S
212,CH-J3H5TI
213,CH-KUJSCS
214,CH-QNRJGM
215,CH-VX1YM1
216,CH-BSIBRS
217,CH-CQ00V0
218,CH-2C1X0N
219,CH-YUBCC0
220,CH-IDBT28
221,CH-WALIKU
222,CH-BIO8AG
223,CH-2M3XSC
224,CH-OLW9EI
225,CH-2JJ9Q8
226,CH-FE4I5Z
227,CH-C2X2HB
228,CH-S4NAH4
229,CH-BER0JY
230,CH-0MVO7L
231,CH-JVOUXE
232,CH-MG7EHH
233,CH-ORT543
234,CH-YH48FO
235,CH-O8A7CX
236,CH-1ERNG7
237,CH-W5ISLP
238,CH-PKTWGD
239,CH-RN06DK
240,CH-1KJ1L2
241,CH-NAYFGU
242,CH-9HUXA4
243,CH-YR6UOY
244,CH-TBR1Y5
245,CH-ZIWT64
246,CH-7NNZPO
247,CH-I23INY
248,CH-W3226Y
249,CH-90OK7V
250,CH-DLSUFO
251,CH-9GAM6B
252,CH-QL9XFV
253,CH-CAXBHW
254,CH-0U6XBP
255,CH-WRHR61
256,CH-134FMT
257,CH-TOTSMX
258,CH-OV4NDX
259,CH-K3KWP4
260,CH-JJQ7QV
261,CH-SMKMSB
262,CH-059UTL
263,CH-ADXUN5
264,CH-XNA0FN
265,CH-B5K9SD
266,CH-UVCPCA
267,CH-DE2WHO
268,CH-RF6M9H
269,CH-O5H4VF
270,CH-6ZDAGP
271,CH-K0NCAF
272,CH-9CY9SY
273,CH-BWRLT3
274,CH-DEXXAC
275,CH-F3K0X2
276,CH-8FMSBP
277,CH-MGB5N7
278,CH-7AK7V5
279,CH-MXQWW6
280,CH-QOGWJ0
281,CH-BO2HMH
282,CH-ASWN6R
283,CH-D9T2R2
284,CH-9Y9HOP
285,CH-EBK1LX
286,CH-NOWWFE
287,CH-YGJQAA
288,CH-O5QNFY
289,CH-KJ6QDK
290,CH-085WNA
291,CH-ZUN6QZ
292,CH-VO8N0Z
293,CH-20SG1N
294,CH-4P3TTH
295,CH-XVEWTM
296,CH-F7PHWR
297,CH-ACRFXE
298,CH-O8AJER
299,CH-19LTIL
300,CH-KM7HFG
301,CH-LEBIFC
302,CH-T4SK8K
303,CH-W63200
304,CH-K2AAOZ
305,CH-YU9E5R
306,CH-MT4YWM
307,CH-TRTPIQ
308,CH-0QO2LH
309,CH-HWIX24
310,CH-V5J7N7
311,CH-EQ2IB5
312,CH-WUXAZZ
313,CH-K75L7E
314,CH-MCI1H0
315,CH-SLGRJR
316,CH-I7DIH1
317,CH-IG7KF2
318,CH-UJ9N7J
319,CH-4H0JNC
320,CH-XXWPG3
321,CH-2EV6KR
322,CH-E1LO1Q
323,CH-Y32MHW
324,CH-VGX9YA
325,CH-00TGFE
326,CH-X6ADS4
327,CH-NOMW3M
328,CH-V4YLB4
329,CH-TP4REO
330,CH-BSZSZW
331,CH-1A6FWD
332,CH-BETMML
333,CH-WY1GAK
334,CH-9BKHSN
335,CH-1OX4SB
336,CH-2F8EV7
337,CH-TBC4EZ
338,CH-TIEX4O
339,CH-OVIHBT
340,CH-D5IZKQ
341,CH-5KK8IA
342,CH-W35UXR
343,CH-G2XBAX
344,CH-53MVER
345,CH-CK86S9
346,CH-EX91F8
347,CH-W5WZ2P
348,CH-NJNFUA
349,CH-POPW61
350,CH-UYC8EQ
351,CH-9QWUNL
352,CH-NBRD2Z
353,CH-NCR9FH
354,CH-UZC4SW
355,CH-X19CRR
356,CH-WBN0KI
357,CH-MVFG5G
358,CH-0KJRWO
359,CH-5SN240
360,CH-4TONZU
361,CH-8EPX5I
362,CH-EQ9RGO
363,CH-JU3WCI
364,CH-IA5PH8
365,CH-MIV9Z7
366,CH-DIHQCB
367,CH-WVE4H3
368,CH-2EH2TF
369,CH-3A3REV
370,CH-QX42NG
371,CH-YVSSH9
372,CH-03H83Z
373,CH-LBFKCL
374,CH-RBPTQ0
375,CH-DLP8NN
376,CH-WR05D0
377,CH-54S0NS
378,CH-S2EYOF
379,CH-6HRZEN
380,CH-YXDI6M
381,CH-3X6VKW
382,CH-9V9JP1
383,CH-TDQU6Y
384,CH-U0BZJ9
385,CH-0ZBYGJ
386,CH-MR0GGJ
387,CH-J2LF4K
388,CH-8NY1R4
389,CH-UK69ES
390,CH-VD543F
391,CH-8RJ0L5
392,CH-PYHQB8
393,CH-8NUWVM
394,CH-0O3FNE
395,CH-X8W93H
396,CH-VO1325
397,CH-G7CLOL
398,CH-GTNG77
399,CH-RB3KAM
400,CH-6UJYRZ
401,CH-Z3NUK6
402,CH-UJJ5C8
403,CH-HFNXG3
404,CH-3ZP3FI
405,CH-MF1MPQ
406,CH-6EYP2T
407,CH-ZLE90E
408,CH-I96FL8
409,CH-Z2VY3J
410,CH-ME9C39
411,CH-QVR2O8
412,CH-ZUXJML
413,CH-FCF0RZ
414,CH-OQMSZW
415,CH-J1TPCW
416,CH-MTIN7Q
417,CH-UWKAED
418,CH-LXNBAK
419,CH-L58US9
420,CH-MQ17ZW
421,CH-DW5KV8
422,CH-B2MMSW
423,CH-I4UK84
424,CH-DFJB7Z
425,CH-OCE7EP
426,CH-AHLTPK
427,CH-6KX9MB
428,CH-ZQGOOW
429,CH-6P7LPL
430,CH-JB2HF1
431,CH-V3WVRU
432,CH-MQ1W9A
433,CH-U14FCL
434,CH-Y69E2J
435,CH-48X1Q6
436,CH-29R0LZ
437,CH-GDZU3O
438,CH-6JZ5F5
439,CH-10VOBI
440,CH-GFIQ2C
441,CH-42Z7AA
442,CH-TGZIDK
443,CH-VHZVQJ
444,CH-X38MSO
445,CH-KHX4FF
446,CH-B1OOY6
447,CH-6U8EIZ
448,CH-J6D1NE
449,CH-E9X6NV
450,CH-PBW21J
451,CH-DONKX0
452,CH-5VWXU7
453,CH-ZJLBWD
454,CH-DGXY69
455,CH-Z4LRAD
456,CH-JQFAQ5
457,CH-ESGECV
458,CH-66EX0Z
459,CH-02SZIJ
460,CH-PN38OI
461,CH-TXIQKY
462,CH-LM5EVR
463,CH-ULNOQJ
464,CH-F03K3G
465,CH-9AMOSS
466,CH-XRYB4C
467,CH-LUV6PW
468,CH-PGYWUN
469,CH-K5WXKA
470,CH-VV1DOM
471,CH-7BNG17
472,CH-SLTPSD
473,CH-1TKRRE
474,CH-JJ86Q7
475,CH-ZIX9KY
476,CH-BYW4MC
477,CH-T0BW5U
478,CH-M9YSZ9
479,CH-TLFNJD
480,CH-3MZI5C
481,CH-2YFIMA
482,CH-VXKGMW
483,CH-995E3Q
484,CH-OQII6X
485,CH-SUACYH
486,CH-1RP7PV
487,CH-9IOG3V
488,CH-4GS67L
489,CH-FPNNFB
490,CH-VNGWW2
491,CH-4FFES0
492,CH-I26W7H
493,CH-HAQBWM
494,CH-P7U58L
495,CH-DIQNIP
496,CH-PH4D6X
497,CH-2HFPFR
498,CH-G4GTI7
499,CH-RJV6PR
500,CH-2QUK0D
